"spearman","spear_sig","pearson","pear_sig"
0.12351591395662372,0.016708487922165182,0.10146824635086586,0.04959570807775152
