"spearman","spear_sig","pearson","pear_sig"
-0.04316419781217318,0.4045802220112241,-0.01713513592364184,0.7408431546432042
