"spearman","spear_sig","pearson","pear_sig"
0.034724332990543436,0.5026084896241341,0.007366978485325184,0.8869326261652194
