"spearman","spear_sig","pearson","pear_sig"
0.2099787848124401,4.1596536485936465e-05,0.1781845396946881,0.0005267088899821772
