"spearman","spear_sig","pearson","pear_sig"
0.08398684834541795,0.26231622165410645,0.08647297743283608,0.2484027425164699
