"spearman","spear_sig","pearson","pear_sig"
0.027641188891519106,0.6976242401181987,0.015157725402490496,0.8313026173063128
