"spearman","spear_sig","pearson","pear_sig"
0.05923434504395746,0.06114354844024178,0.08645947151057132,0.006223010673243728
