"spearman","spear_sig","pearson","pear_sig"
0.2375965645937093,0.0013199742713494106,0.24708211157713042,0.000826216460627365
