"spearman","spear_sig","pearson","pear_sig"
-0.02921298505903242,0.572795778574225,-0.008656114583134386,0.8673161828437991
