"spearman","spear_sig","pearson","pear_sig"
0.12558865386092977,6.825972961577738e-05,0.09663243324252448,0.0022198416548275678
