"spearman","spear_sig","pearson","pear_sig"
0.06202390585975598,0.23082673682461272,0.03931001041087505,0.447860252208393
