"spearman","spear_sig","pearson","pear_sig"
0.17024650242113729,0.02231927761894001,0.24620623095962277,0.0008634013189708188
