"spearman_h","spear_sig_h","pearson_h","pear_sig_h","spearman_tc","spear_sig_tc","pearson_tc","pear_sig_tc"
-0.4830391954577734,1.372084188889824e-59,-0.49257082423540777,3.0502318268853634e-62,-0.4091880178606352,1.1752996304808025e-08,-0.39086436516916145,5.800929463178367e-08
-0.46651756581967885,3.484495197314827e-55,-0.4786432094353859,2.1528818787314445e-58,-0.40753350709367625,1.3629724816842604e-08,-0.38311434470690947,1.1074540877416628e-07
-0.44700239356805216,2.7751852493431214e-50,-0.4627760420004887,3.2106139316580837e-54,-0.403983027770164,1.868005338014084e-08,-0.39520488400050136,4.008934203001951e-08
