"spearman","spear_sig","pearson","pear_sig"
0.4580887249026748,1.0066842479838827e-10,0.2090567943726305,0.00485590809347202
