"spearman","spear_sig","pearson","pear_sig"
0.08055154493929662,0.010827436510978785,0.05571134675887497,0.07825334369262135
