"spearman","spear_sig","pearson","pear_sig"
0.5283680468984859,8.91189858081942e-16,0.3050250130066797,1.124247927365182e-05
