spearman_h,spear_sig_h,pearson_h,pear_sig_h,spearman_tc,spear_sig_tc,pearson_tc,pear_sig_tc
-0.58116877617234,2.11222054754589E-91,-0.574903927138815,4.85997093814651E-89,-0.451700336076373,1.95869011256294E-10,-0.456440914577404,1.19682148601349E-10
-0.580187010490092,4.99185177326211E-91,-0.576490095146175,1.24011041433471E-89,-0.456441307284233,1.19677227216397E-10,-0.430648952007642,1.59679260505418E-09
-0.584890679368847,7.89035212009093E-93,-0.575562306317909,2.75940792296676E-89,-0.458085319886427,1.00704516133527E-10,-0.47685715296832,1.31285462283473E-11
