"spearman","spear_sig","pearson","pear_sig"
0.07585716980641578,0.01642771896215512,0.054511396642652934,0.08490175234612218
