"spearman","spear_sig","pearson","pear_sig"
-0.11966117951213075,0.5288049740336419,-0.16495971533002057,0.3836889391033921
-0.11800578770069811,0.5345626464167701,-0.1510094805577771,0.42571166433911095
-0.12699220039133244,0.5036710219976565,-0.1559128100631857,0.41066027016494155
