"spearman","spear_sig","pearson","pear_sig"
-0.15773519117508145,0.40514340096847423,-0.18556054924118656,0.3262322457561021
-0.1305394685586881,0.49172738744853806,-0.1961572522767297,0.2988601950556335
-0.14685690212852406,0.43869289648412957,-0.17765835664890894,0.3476135238321062
