"spearman","spear_sig","pearson","pear_sig"
0.5587965069823407,3.394811173966031e-83,0.39552043429170747,8.621448667710884e-39
