"spearman","spear_sig","pearson","pear_sig"
0.2021191043184933,0.006509233894647152,0.1429915504232907,0.05550273997660276
