"spearman","spear_sig","pearson","pear_sig"
0.591148075636508,2.8497736748951144e-95,0.40625184935864717,5.03875736224238e-41
