spearman_h,spear_sig_h,pearson_h,pear_sig_h,spearman_tc,spear_sig_tc,pearson_tc,pear_sig_tc
-0.41741367337857,1.95551259862401E-43,-0.423994311350248,6.7069479110885E-45,-0.36424747413476,4.99224737462576E-07,-0.33561316724982,4.11188409744443E-06
-0.413770684640029,1.22527721471854E-42,-0.423626988998172,8.11229235552114E-45,-0.37681272754195,1.85088340796345E-07,-0.342932362209696,2.4461969718534E-06
-0.328160217537037,1.54963348021997E-26,-0.345388957465604,2.14570518466329E-29,-0.345772803781369,1.99253693175799E-06,-0.343259468092456,2.38933417462263E-06
