"spearman","spear_sig","pearson","pear_sig"
0.3018568400354285,1.3997324206773085e-05,0.22757973861153175,0.0011914295066423647
