"spearman","spear_sig","pearson","pear_sig"
0.181880704553071,0.01454143519526994,0.191564836681196,0.009991890366468949
